0,-------,---,---,---,---,---,---,---,---,,,,,,,,,,,,,,,,,,,,,,,,,,,,,,,,
0,RESULTS,,,,,,,,,,,,,,,,,,,,,,,,,,,,,,,,,,,,,,,,
0,overall-result,PASS,,,,,,,,,,,,,,,,,,,,,,,,,,,,,,,,,,,,,,,
0,z_leveling_test,PASS,,,,,,,,,,,,,,,,,,,,,,,,,,,,,,,,,,,,,,,
0,ch8_leveling_test,PASS,,,,,,,,,,,,,,,,,,,,,,,,,,,,,,,,,,,,,,,
0,ch96_leveling_test,PASS,,,,,,,,,,,,,,,,,,,,,,,,,,,,,,,,,,,,,,,
0,gripper_leveling_test,PASS,,,,,,,,,,,,,,,,,,,,,,,,,,,,,,,,,,,,,,,
0.01,--------,,,,,,,,,,,,,,,,,,,,,,,,,,,,,,,,,,,,,,,,
0.01,METADATA,,,,,,,,,,,,,,,,,,,,,,,,,,,,,,,,,,,,,,,,
0.01,test-name,test-cli-leveling,,,,,,,,,,,,,,,,,,,,,,,,,,,,,,,,,,,,,,,
0.01,operator-name,andy,,,,,,,,,,,,,,,,,,,,,,,,,,,,,,,,,,,,,,,
0.01,session-id,FLXU3020260601004,,,,,,,,,,,,,,,,,,,,,,,,,,,,,,,,,,,,,,,
0.01,robot,FLXU3020260601004,,,,,,,,,,,,,,,,,,,,,,,,,,,,,,,,,,,,,,,
0.01,date,run-26-07-22-13-25-04,,,,,,,,,,,,,,,,,,,,,,,,,,,,,,,,,,,,,,,
0.01,live,,,,,,,,,,,,,,,,,,,,,,,,,,,,,,,,,,,,,,,,
0.02,version,test-cli-leveling-report-v1,,,,,,,,,,,,,,,,,,,,,,,,,,,,,,,,,,,,,,,
0.02,-------------------,,,,,,,,,,,,,,,,,,,,,,,,,,,,,,,,,,,,,,,,
0.1,----,,,,,,,,,,,,,,,,,,,,,,,,,,,,,,,,,,,,,,,,
0.1,TEST,,,,,,,,,,,,,,,,,,,,,,,,,,,,,,,,,,,,,,,,
0.1,TEST,ch96_leveling_test,,,,,,,,,,,,,,,,,,,,,,,,,,,,,,,,,,,,,,,
START_TIME,ROBOT_SN,LEFT_A2_Y_LEFT_REAR,LEFT_A2_Y_LEFT_FRONT,LEFT_A2_Y_RESULT,LEFT_C1_Y_LEFT_REAR,LEFT_C1_Y_LEFT_FRONT,LEFT_C1_Y_RESULT,LEFT_C3_Y_RIGHT_REAR,LEFT_C3_Y_RIGHT_FRONT,LEFT_C3_Y_RESULT,LEFT_A2_X_REAR_LEFT,LEFT_A2_X_REAR_RIGHT,LEFT_A2_X_RESULT,LEFT_C1_X_REAR_LEFT,LEFT_C1_X_REAR_RIGHT,LEFT_C1_X_RESULT,LEFT_C3_X_REAR_LEFT,LEFT_C3_X_REAR_RIGHT,LEFT_C3_X_RESULT,LEFT_A2_Z_BELOW_REAR_LEFT,LEFT_A2_Z_BELOW_REAR_RIGHT,LEFT_A2_Z_BELOW_FRONT_LEFT,LEFT_A2_Z_BELOW_FRONT_RIGHT,LEFT_A2_Z_RESULT,LEFT_D1_Z_BELOW_REAR_LEFT,LEFT_D1_Z_BELOW_REAR_RIGHT,LEFT_D1_Z_BELOW_FRONT_LEFT,LEFT_D1_Z_BELOW_FRONT_RIGHT,LEFT_D1_Z_RESULT,LEFT_D3_Z_BELOW_REAR_LEFT,LEFT_D3_Z_BELOW_REAR_RIGHT,LEFT_D3_Z_BELOW_FRONT_LEFT,LEFT_D3_Z_BELOW_FRONT_RIGHT,LEFT_D3_Z_RESULT,LEFT_C2_Z_BELOW_REAR_LEFT,LEFT_C2_Z_BELOW_REAR_RIGHT,LEFT_C2_Z_BELOW_FRONT_LEFT,LEFT_C2_Z_BELOW_FRONT_RIGHT,LEFT_C2_Z_RESULT,RESULT_STATUS,
2026-07-22-13-28-22,FLXA3020250805002,29.888,29.934,0.046,29.914,29.91,0.004,29.844,29.866,0.022,30.058,30.136,0.078,29.992,30.03,0.038,29.976,29.958,0.018,29.966,29.912,30.022,29.98,0.11,29.946,29.844,29.94,29.862000000000002,0.102,29.964,29.831999999999997,29.896,29.762,0.202,29.97,29.876,29.89,29.796,0.174,PASS,
0.1,TEST,ch8_leveling_test,,,,,,,,,,,,,,,,,,,,,,,,,,,,,,,,,,,,,,,
START_TIME,ROBOT_SN,LEFT_C1_Y_LEFT_REAR,LEFT_C1_Y_LEFT_FRONT,LEFT_C1_Y_RESULT,RIGHT_C1_Y_RIGHT_REAR,RIGHT_C1_Y_RIGHT_FRONT,RIGHT_C1_Y_RESULT,RIGHT_A2_Y_RIGHT_REAR,RIGHT_A2_Y_RIGHT_FRONT,RIGHT_A2_Y_RESULT,RIGHT_C3_Y_RIGHT_REAR,RIGHT_C3_Y_RIGHT_FRONT,RIGHT_C3_Y_RESULT,RESULT_STATUS,,,,,,,,,,,,,,,,,,,,,,,,,,,
2026-07-22-13-45-03,FLXA3020250805002,30.125999999999998,30.296,0.17,30.133999999999997,30.298,0.164,30.148,30.338,0.19,30.074,30.11,0.036,PASS,,,,,,,,,,,,,,,,,,,,,,,,,,,
0.1,TEST,z_leveling_test,,,,,,,,,,,,,,,,,,,,,,,,,,,,,,,,,,,,,,,
START_TIME,ROBOT_SN,LEFT_C2_Z_BELOW_REAR,LEFT_C2_Z_BELOW_FRONT,LEFT_C2_Z_RESULT,RIGHT_C2_Z_BELOW_REAR,RIGHT_C2_Z_BELOW_FRONT,RIGHT_C2_Z_RESULT,RIGHT_A1_Z_BELOW_REAR,RIGHT_A1_Z_BELOW_FRONT,RIGHT_A1_Z_RESULT,RIGHT_A2_Z_BELOW_REAR,RIGHT_A2_Z_BELOW_FRONT,RIGHT_A2_Z_RESULT,RIGHT_A3_Z_BELOW_REAR,RIGHT_A3_Z_BELOW_FRONT,RIGHT_A3_Z_RESULT,RIGHT_B1_Z_BELOW_REAR,RIGHT_B1_Z_BELOW_FRONT,RIGHT_B1_Z_RESULT,RIGHT_B2_Z_BELOW_REAR,RIGHT_B2_Z_BELOW_FRONT,RIGHT_B2_Z_RESULT,RIGHT_B3_Z_BELOW_REAR,RIGHT_B3_Z_BELOW_FRONT,RIGHT_B3_Z_RESULT,RIGHT_C1_Z_BELOW_REAR,RIGHT_C1_Z_BELOW_FRONT,RIGHT_C1_Z_RESULT,RIGHT_C3_Z_BELOW_REAR,RIGHT_C3_Z_BELOW_FRONT,RIGHT_C3_Z_RESULT,RIGHT_D1_Z_BELOW_REAR,RIGHT_D1_Z_BELOW_FRONT,RIGHT_D1_Z_RESULT,RIGHT_D2_Z_BELOW_REAR,RIGHT_D2_Z_BELOW_FRONT,RIGHT_D2_Z_RESULT,RIGHT_D3_Z_BELOW_REAR,RIGHT_D3_Z_BELOW_FRONT,RIGHT_D3_Z_RESULT,RESULT_STATUS
2026-07-22-13-53-11,FLXA3020250805002,29.934,30.024,0.09,29.964,30.044,0.08,29.946,29.984,0.038,29.872,29.858,0.014,29.916,29.966,0.05,29.976,29.99,0.014,29.951999999999998,29.96,0.008,29.958,29.968,0.01,29.908,29.964,0.056,29.984,29.932,0.052,29.898,29.852,0.046,29.976000000000003,29.972,0.004,30.026,29.998,0.028,PASS
0.1,TEST,gripper_leveling_test,,,,,,,,,,,,,,,,,,,,,,,,,,,,,,,,,,,,,,,
START_TIME,ROBOT_SN,LEFT_C2_X_REAR_LEFT,LEFT_C2_X_REAR_RIGHT,LEFT_C2_X_RESULT,LEFT_C2_Y_RIGHT_FRONT,LEFT_C2_Y_RIGHT_REAR,LEFT_C2_Y_RESULT,LEFT_C2_Z_BELOW_REAR,LEFT_C2_Z_BELOW_FRONT,LEFT_C2_Z_RESULT,RESULT_STATUS,,,,,,,,,,,,,,,,,,,,,,,,,,,,,,
2026-07-22-14-25-39,FLXA3020250805002,30.025,30.202,0.177,29.974,29.783,0.191,30.482,30.658,0.176,PASS,,,,,,,,,,,,,,,,,,,,,,,,,,,,,,
